trait,trait_key,ols_beta_with_education,ols_direction_check,cox_hr,cox_ci_lower,cox_ci_upper,cox_p,cox_ph_p,discrete_time_hr,discrete_time_ci_lower,discrete_time_ci_upper,discrete_time_p,n_people,n_households,n_events,person_age_rows,panel_people,panel_events,window_max,dropped_raw_claim_lt62
Education,education,0.0978,HR < 1; HR < 1 expected,0.9651098094835006,0.940372061888337,0.9904983166884861,0.00734923326239784,0.0014288506303222848,0.9651333909039603,0.9402771386736197,0.9906467188511581,0.007678846071165248,9506,6977,6700,34339,9354,6700,70,1710
Cognition,cognition,0.0937,HR < 1; HR < 1 expected,0.9868104966480788,0.9610009299018114,1.0133132299823309,0.3261491343285202,0.0021344246500991683,0.9870933126975525,0.9609107341890922,1.0139893054628846,0.34358096397970617,9506,6977,6700,34339,9354,6700,70,1710
Depression,depression,-0.0548,HR > 1; HR > 1 expected,1.0183172570916805,0.9933412654370987,1.0439212304689944,0.15195776953652393,0.0187427877248826,1.0181950560608057,0.9929388346604996,1.0440936903642584,0.15942181991048343,9506,6977,6700,34339,9354,6700,70,1710
Neuroticism,neuroticism,-0.0822,HR > 1; HR > 1 expected,1.0461067821057417,1.0153365315437906,1.0778095395658795,0.0030849394866285388,0.034273042352838894,1.0483992644702385,1.0173376832912155,1.0804092247776345,0.0020689667969417424,9506,6977,6700,34339,9354,6700,70,1710
Well-being,wellbeing,0.0351,HR < 1; HR < 1 expected,0.977468825235903,0.9526592089434566,1.0029245456701033,0.0823282980486171,0.3650253805667246,0.9802188176340809,0.95503132203833,1.0060705950389688,0.13250882691113905,9506,6977,6700,34339,9354,6700,70,1710
